{"cameraMode":{"drawMode":0,"name":"Shaded","section":"Shading Mode"},"sceneLighting":false,"audioPlay":false,"sceneViewState":{"showFog":true,"showMaterialUpdate":false,"showSkybox":true,"showFlares":true,"showImageEffects":true,"showParticleSystems":true},"in2DMode":false,"pivot":{"x":-0.25863075256347659,"y":11.504307746887207,"z":-0.6964473724365234},"rotation":{"x":0.12788864970207215,"y":0.25206026434898379,"z":-0.033603303134441379,"w":0.9586976766586304},"size":142.1402587890625,"orthographic":false}