{"cameraMode":{"drawMode":0,"name":"Shaded","section":"Shading Mode"},"sceneLighting":false,"audioPlay":false,"sceneViewState":{"showFog":true,"showMaterialUpdate":false,"showSkybox":true,"showFlares":true,"showImageEffects":true,"showParticleSystems":true},"in2DMode":false,"pivot":{"x":1.564446210861206,"y":-12.030792236328125,"z":18.224905014038087},"rotation":{"x":-0.010778947733342648,"y":0.9759157299995422,"z":-0.049529965966939929,"w":-0.21229667961597444},"size":7.000357627868652,"orthographic":false}