{"cameraMode":{"drawMode":0,"name":"Shaded","section":"Shading Mode"},"sceneLighting":false,"audioPlay":false,"sceneViewState":{"showFog":true,"showMaterialUpdate":false,"showSkybox":true,"showFlares":true,"showImageEffects":true,"showParticleSystems":true},"in2DMode":false,"pivot":{"x":-5.177613735198975,"y":-8.943427085876465,"z":9.104684829711914},"rotation":{"x":-0.13186873495578767,"y":-0.23637504875659944,"z":0.03240754455327988,"w":-0.9621549844741821},"size":53.997215270996097,"orthographic":false}