{"cameraMode":{"drawMode":0,"name":"Shaded","section":"Shading Mode"},"sceneLighting":false,"audioPlay":false,"sceneViewState":{"showFog":true,"showMaterialUpdate":false,"showSkybox":true,"showFlares":true,"showImageEffects":true,"showParticleSystems":true},"in2DMode":false,"pivot":{"x":0.6276979446411133,"y":-10.979999542236329,"z":3.75},"rotation":{"x":0.036490824073553088,"y":0.26075857877731326,"z":-0.009868115186691285,"w":0.9646873474121094},"size":24.278167724609376,"orthographic":false}